{
  "hash": "9785d4b1",
  "configHash": "8f499ce6",
  "lockfileHash": "08cc4bf4",
  "browserHash": "2b7303f8",
  "optimized": {
    "@angular/core": {
      "src": "../../../../../../node_modules/@angular/core/fesm2022/core.mjs",
      "file": "@angular_core.js",
      "fileHash": "8fd548c7",
      "needsInterop": false
    },
    "@angular/platform-browser": {
      "src": "../../../../../../node_modules/@angular/platform-browser/fesm2022/platform-browser.mjs",
      "file": "@angular_platform-browser.js",
      "fileHash": "790ae559",
      "needsInterop": false
    },
    "@angular/router": {
      "src": "../../../../../../node_modules/@angular/router/fesm2022/router.mjs",
      "file": "@angular_router.js",
      "fileHash": "236559a5",
      "needsInterop": false
    },
    "@angular/forms": {
      "src": "../../../../../../node_modules/@angular/forms/fesm2022/forms.mjs",
      "file": "@angular_forms.js",
      "fileHash": "076cfb4e",
      "needsInterop": false
    },
    "@ngrx/store": {
      "src": "../../../../../../node_modules/@ngrx/store/fesm2022/ngrx-store.mjs",
      "file": "@ngrx_store.js",
      "fileHash": "c60a016a",
      "needsInterop": false
    }
  },
  "chunks": {
    "chunk-SD3LYSCE": {
      "file": "chunk-SD3LYSCE.js"
    },
    "chunk-4PRUWS45": {
      "file": "chunk-4PRUWS45.js"
    },
    "chunk-UMIWNPGN": {
      "file": "chunk-UMIWNPGN.js"
    }
  }
}